dia,distancia_total
1,2479.531335407645
2,2487.576582353915
3,2439.299410930256
4,2478.4883351516264
5,2471.4720415944275
