dia,distancia_total
1,2465.040983966548
2,2468.7880850887987
3,2419.0937366128
4,2461.214387013314
5,2451.236755535412
