dia,distancia_total
1,2419.2099563359293
2,2417.8144226974127
