dia,distancia_total
1,2419.2099563359293
2,2417.8144226974127
3,2419.369451603809
4,2411.6329128494312
5,2409.848382637817
