dia,distancia_total
1,2403.1547504020045
2,2399.88602415689
3,2403.319750567639
4,2397.73110485259
5,2394.2607574272315
