dia,distancia_total
1,2403.1547504020045
2,2399.88602415689
