caso,ventas_perdidas,nivel_servicio
base,1861740.0,0.9989535727611398
optima,16922179.0,0.9904885596020562
