dia,distancia_total
1,2445.792798854448
2,2431.2239210100897
