dia,distancia_total
1,2445.792798854448
2,2431.2239210100897
3,2445.773034016611
4,2437.18334905911
5,2433.935877483033
