dia,distancia_total
1,2459.9265783987075
2,2446.0899999999992
