dia,distancia_total
1,2459.9265783987075
2,2446.0899999999992
3,2459.896578398708
4,2449.55823276104
5,2447.9965783987072
