cluster_ordenado,n_k (total clientes),centroide,c_k,p_k (precio 贸ptimo),U_k (utilidad 贸ptima),p_k (entero 贸ptimo),U_k (entero 贸ptimo)
0,623,27.294583333333332,0.043811530230069555,29.361616161616162,8286.889728121232,29.361616161616162,8286.889728121232
1,1106,44.54035714285715,0.04027157065357789,29.361616161616162,14713.33338297863,29.361616161616162,14713.33338297863
2,395,73.83333333333333,0.18691983122362868,29.926262626262623,5228.852117204367,29.926262626262623,5228.852117204367
